[{"model": "admin.logentry", "pk": 1, "fields": {"action_time": "2025-04-24T00:52:23.343Z", "user": 1, "content_type": 31, "object_id": "1", "object_repr": "Mathematics", "action_flag": 1, "change_message": "[{\"added\": {}}]"}}, {"model": "admin.logentry", "pk": 2, "fields": {"action_time": "2025-04-24T00:52:46.500Z", "user": 1, "content_type": 32, "object_id": "1", "object_repr": "Calculus I", "action_flag": 1, "change_message": "[{\"added\": {}}]"}}, {"model": "admin.logentry", "pk": 3, "fields": {"action_time": "2025-04-24T00:53:44.325Z", "user": 1, "content_type": 32, "object_id": "2", "object_repr": "Calculus II", "action_flag": 1, "change_message": "[{\"added\": {}}]"}}, {"model": "admin.logentry", "pk": 4, "fields": {"action_time": "2025-04-24T00:53:53.628Z", "user": 1, "content_type": 8, "object_id": "9", "object_repr": "Aiden Clark", "action_flag": 2, "change_message": "[{\"changed\": {\"fields\": [\"City\", \"State\", \"Hourly rate\", \"Subjects\", \"Rating\"]}}]"}}, {"model": "admin.logentry", "pk": 5, "fields": {"action_time": "2025-04-24T00:54:24.379Z", "user": 1, "content_type": 32, "object_id": "3", "object_repr": "Algebra I", "action_flag": 1, "change_message": "[{\"added\": {}}]"}}, {"model": "admin.logentry", "pk": 6, "fields": {"action_time": "2025-04-24T00:54:41.593Z", "user": 1, "content_type": 8, "object_id": "8", "object_repr": "Sophia Ahmed", "action_flag": 2, "change_message": "[{\"changed\": {\"fields\": [\"City\", \"State\", \"Hourly rate\", \"Subjects\", \"Rating\"]}}]"}}, {"model": "admin.logentry", "pk": 7, "fields": {"action_time": "2025-04-24T00:54:55.821Z", "user": 1, "content_type": 32, "object_id": "4", "object_repr": "Algebra II", "action_flag": 1, "change_message": "[{\"added\": {}}]"}}, {"model": "admin.logentry", "pk": 8, "fields": {"action_time": "2025-04-24T00:55:40.228Z", "user": 1, "content_type": 8, "object_id": "7", "object_repr": "Lucas Wright", "action_flag": 2, "change_message": "[{\"changed\": {\"fields\": [\"City\", \"State\", \"Hourly rate\", \"Subjects\", \"Rating\"]}}]"}}, {"model": "admin.logentry", "pk": 9, "fields": {"action_time": "2025-04-24T00:55:48.090Z", "user": 1, "content_type": 32, "object_id": "5", "object_repr": "Linear Algebra", "action_flag": 1, "change_message": "[{\"added\": {}}]"}}, {"model": "admin.logentry", "pk": 10, "fields": {"action_time": "2025-04-24T00:56:16.583Z", "user": 1, "content_type": 8, "object_id": "6", "object_repr": "Mia Robinson", "action_flag": 2, "change_message": "[{\"changed\": {\"fields\": [\"City\", \"State\", \"Hourly rate\", \"Subjects\", \"Rating\"]}}]"}}, {"model": "admin.logentry", "pk": 11, "fields": {"action_time": "2025-04-24T00:57:45.509Z", "user": 1, "content_type": 8, "object_id": "5", "object_repr": "Ethan Kim", "action_flag": 2, "change_message": "[{\"changed\": {\"fields\": [\"City\", \"State\", \"Hourly rate\", \"Subjects\", \"Rating\"]}}]"}}, {"model": "admin.logentry", "pk": 12, "fields": {"action_time": "2025-04-24T00:58:30.497Z", "user": 1, "content_type": 8, "object_id": "4", "object_repr": "Isabella Nguyen", "action_flag": 2, "change_message": "[{\"changed\": {\"fields\": [\"City\", \"State\", \"Hourly rate\", \"Subjects\", \"Rating\"]}}]"}}, {"model": "admin.logentry", "pk": 13, "fields": {"action_time": "2025-04-24T00:59:01.694Z", "user": 1, "content_type": 8, "object_id": "3", "object_repr": "Noah Thompson", "action_flag": 2, "change_message": "[{\"changed\": {\"fields\": [\"City\", \"State\", \"Hourly rate\", \"Subjects\", \"Rating\"]}}]"}}, {"model": "admin.logentry", "pk": 14, "fields": {"action_time": "2025-04-24T00:59:36.936Z", "user": 1, "content_type": 8, "object_id": "1", "object_repr": "Liam Bennett", "action_flag": 2, "change_message": "[{\"changed\": {\"fields\": [\"City\", \"State\", \"Hourly rate\", \"Subjects\", \"Rating\"]}}]"}}, {"model": "admin.logentry", "pk": 15, "fields": {"action_time": "2025-04-24T01:02:06.981Z", "user": 1, "content_type": 8, "object_id": "1", "object_repr": "Liam Bennett", "action_flag": 2, "change_message": "[{\"changed\": {\"fields\": [\"Bio\", \"Subjects\"]}}]"}}, {"model": "admin.logentry", "pk": 16, "fields": {"action_time": "2025-04-24T01:02:43.154Z", "user": 1, "content_type": 8, "object_id": "2", "object_repr": "Ava Patel", "action_flag": 2, "change_message": "[{\"changed\": {\"fields\": [\"City\", \"State\", \"Bio\", \"Hourly rate\", \"Subjects\", \"Rating\"]}}]"}}, {"model": "admin.logentry", "pk": 17, "fields": {"action_time": "2025-04-24T01:03:28.068Z", "user": 1, "content_type": 8, "object_id": "3", "object_repr": "Noah Thompson", "action_flag": 2, "change_message": "[{\"changed\": {\"fields\": [\"Bio\", \"Subjects\"]}}]"}}, {"model": "admin.logentry", "pk": 18, "fields": {"action_time": "2025-04-24T01:03:51.065Z", "user": 1, "content_type": 8, "object_id": "4", "object_repr": "Isabella Nguyen", "action_flag": 2, "change_message": "[{\"changed\": {\"fields\": [\"Bio\", \"Subjects\"]}}]"}}, {"model": "admin.logentry", "pk": 19, "fields": {"action_time": "2025-04-24T01:04:19.546Z", "user": 1, "content_type": 8, "object_id": "5", "object_repr": "Ethan Kim", "action_flag": 2, "change_message": "[{\"changed\": {\"fields\": [\"Bio\", \"Subjects\"]}}]"}}, {"model": "admin.logentry", "pk": 20, "fields": {"action_time": "2025-04-24T01:04:50.175Z", "user": 1, "content_type": 8, "object_id": "6", "object_repr": "Mia Robinson", "action_flag": 2, "change_message": "[{\"changed\": {\"fields\": [\"Bio\", \"Subjects\"]}}]"}}, {"model": "admin.logentry", "pk": 21, "fields": {"action_time": "2025-04-24T01:05:22.691Z", "user": 1, "content_type": 8, "object_id": "7", "object_repr": "Lucas Wright", "action_flag": 2, "change_message": "[{\"changed\": {\"fields\": [\"Bio\", \"Subjects\"]}}]"}}, {"model": "admin.logentry", "pk": 22, "fields": {"action_time": "2025-04-24T01:05:46.917Z", "user": 1, "content_type": 8, "object_id": "8", "object_repr": "Sophia Ahmed", "action_flag": 2, "change_message": "[{\"changed\": {\"fields\": [\"Bio\", \"Subjects\"]}}]"}}, {"model": "admin.logentry", "pk": 23, "fields": {"action_time": "2025-04-24T01:06:29.112Z", "user": 1, "content_type": 8, "object_id": "9", "object_repr": "Aiden Clark", "action_flag": 2, "change_message": "[{\"changed\": {\"fields\": [\"Bio\", \"Subjects\"]}}]"}}, {"model": "admin.logentry", "pk": 24, "fields": {"action_time": "2025-04-24T01:33:39.260Z", "user": 1, "content_type": 4, "object_id": "11", "object_repr": "soph_a", "action_flag": 2, "change_message": "[{\"changed\": {\"fields\": [\"Last name\", \"Email address\"]}}]"}}, {"model": "admin.logentry", "pk": 25, "fields": {"action_time": "2025-04-24T01:44:08.706Z", "user": 1, "content_type": 30, "object_id": "1", "object_repr": "Noah's profile picture", "action_flag": 1, "change_message": "[{\"added\": {}}]"}}, {"model": "admin.logentry", "pk": 26, "fields": {"action_time": "2025-04-24T01:44:11.994Z", "user": 1, "content_type": 29, "object_id": "1", "object_repr": "Noah_Thompson", "action_flag": 2, "change_message": "[{\"changed\": {\"fields\": [\"Profile picture\"]}}]"}}, {"model": "admin.logentry", "pk": 27, "fields": {"action_time": "2025-04-24T01:45:39.652Z", "user": 1, "content_type": 30, "object_id": "2", "object_repr": "Sophia's profile picture", "action_flag": 1, "change_message": "[{\"added\": {}}]"}}, {"model": "admin.logentry", "pk": 28, "fields": {"action_time": "2025-04-24T01:45:44.029Z", "user": 1, "content_type": 29, "object_id": "2", "object_repr": "Sophia_Anderson", "action_flag": 2, "change_message": "[{\"changed\": {\"fields\": [\"Profile picture\"]}}]"}}, {"model": "admin.logentry", "pk": 29, "fields": {"action_time": "2025-04-24T01:47:33.356Z", "user": 1, "content_type": 30, "object_id": "3", "object_repr": "Mia's profile picture", "action_flag": 1, "change_message": "[{\"added\": {}}]"}}, {"model": "admin.logentry", "pk": 30, "fields": {"action_time": "2025-04-24T01:47:34.697Z", "user": 1, "content_type": 29, "object_id": "3", "object_repr": "Mia_Robinson", "action_flag": 2, "change_message": "[{\"changed\": {\"fields\": [\"Profile picture\"]}}]"}}, {"model": "admin.logentry", "pk": 31, "fields": {"action_time": "2025-04-24T01:50:02.145Z", "user": 1, "content_type": 30, "object_id": "4", "object_repr": "Lucas's profile picture", "action_flag": 1, "change_message": "[{\"added\": {}}]"}}, {"model": "admin.logentry", "pk": 32, "fields": {"action_time": "2025-04-24T01:50:02.819Z", "user": 1, "content_type": 29, "object_id": "4", "object_repr": "Lucas_Wright", "action_flag": 2, "change_message": "[{\"changed\": {\"fields\": [\"Profile picture\"]}}]"}}, {"model": "admin.logentry", "pk": 33, "fields": {"action_time": "2025-04-24T01:50:16.172Z", "user": 1, "content_type": 30, "object_id": "5", "object_repr": "Liam's profile picture", "action_flag": 1, "change_message": "[{\"added\": {}}]"}}, {"model": "admin.logentry", "pk": 34, "fields": {"action_time": "2025-04-24T01:50:17.634Z", "user": 1, "content_type": 29, "object_id": "5", "object_repr": "Liam_Bennett", "action_flag": 2, "change_message": "[{\"changed\": {\"fields\": [\"Profile picture\"]}}]"}}, {"model": "admin.logentry", "pk": 35, "fields": {"action_time": "2025-04-24T01:50:31.718Z", "user": 1, "content_type": 30, "object_id": "6", "object_repr": "Ethan's profile picture", "action_flag": 1, "change_message": "[{\"added\": {}}]"}}, {"model": "admin.logentry", "pk": 36, "fields": {"action_time": "2025-04-24T01:50:32.898Z", "user": 1, "content_type": 29, "object_id": "6", "object_repr": "Ethan_Kim", "action_flag": 2, "change_message": "[{\"changed\": {\"fields\": [\"Profile picture\"]}}]"}}, {"model": "admin.logentry", "pk": 37, "fields": {"action_time": "2025-04-24T01:50:42.494Z", "user": 1, "content_type": 30, "object_id": "7", "object_repr": "Aiden's profile picture", "action_flag": 1, "change_message": "[{\"added\": {}}]"}}, {"model": "admin.logentry", "pk": 38, "fields": {"action_time": "2025-04-24T01:50:46.454Z", "user": 1, "content_type": 29, "object_id": "7", "object_repr": "Aiden_Clark", "action_flag": 2, "change_message": "[{\"changed\": {\"fields\": [\"Profile picture\"]}}]"}}, {"model": "admin.logentry", "pk": 39, "fields": {"action_time": "2025-04-24T01:50:54.001Z", "user": 1, "content_type": 30, "object_id": "8", "object_repr": "Isabella's profile picture", "action_flag": 1, "change_message": "[{\"added\": {}}]"}}, {"model": "admin.logentry", "pk": 40, "fields": {"action_time": "2025-04-24T01:50:54.830Z", "user": 1, "content_type": 29, "object_id": "8", "object_repr": "Isabella_Nguyen", "action_flag": 2, "change_message": "[{\"changed\": {\"fields\": [\"Profile picture\"]}}]"}}, {"model": "admin.logentry", "pk": 41, "fields": {"action_time": "2025-04-24T01:51:53.225Z", "user": 1, "content_type": 30, "object_id": "9", "object_repr": "Ava's profile picture", "action_flag": 1, "change_message": "[{\"added\": {}}]"}}, {"model": "admin.logentry", "pk": 42, "fields": {"action_time": "2025-04-24T01:51:54.421Z", "user": 1, "content_type": 29, "object_id": "9", "object_repr": "Ava_Patel", "action_flag": 2, "change_message": "[{\"changed\": {\"fields\": [\"Profile picture\"]}}]"}}, {"model": "admin.logentry", "pk": 43, "fields": {"action_time": "2025-04-24T02:04:23.614Z", "user": 1, "content_type": 4, "object_id": "5", "object_repr": "ap_01", "action_flag": 2, "change_message": "[{\"changed\": {\"fields\": [\"Username\", \"First name\", \"Last name\"]}}]"}}, {"model": "admin.logentry", "pk": 44, "fields": {"action_time": "2025-04-24T02:04:45.755Z", "user": 1, "content_type": 8, "object_id": "2", "object_repr": "Alex Peterson", "action_flag": 2, "change_message": "[{\"changed\": {\"fields\": [\"Bio\"]}}]"}}, {"model": "admin.logentry", "pk": 45, "fields": {"action_time": "2025-04-24T02:05:07.568Z", "user": 1, "content_type": 4, "object_id": "6", "object_repr": "noel_t", "action_flag": 2, "change_message": "[{\"changed\": {\"fields\": [\"Username\", \"First name\", \"Email address\"]}}]"}}, {"model": "admin.logentry", "pk": 46, "fields": {"action_time": "2025-04-24T02:05:26.168Z", "user": 1, "content_type": 8, "object_id": "3", "object_repr": "Noel Thompson", "action_flag": 2, "change_message": "[{\"changed\": {\"fields\": [\"Bio\"]}}]"}}, {"model": "admin.logentry", "pk": 47, "fields": {"action_time": "2025-04-24T02:06:16.079Z", "user": 1, "content_type": 4, "object_id": "8", "object_repr": "e_kim93", "action_flag": 2, "change_message": "[{\"changed\": {\"fields\": [\"Last name\", \"Email address\"]}}]"}}, {"model": "admin.logentry", "pk": 48, "fields": {"action_time": "2025-04-24T02:06:20.183Z", "user": 1, "content_type": 8, "object_id": "5", "object_repr": "Ethan Kennedy", "action_flag": 2, "change_message": "[]"}}, {"model": "admin.logentry", "pk": 49, "fields": {"action_time": "2025-04-24T02:07:49.899Z", "user": 1, "content_type": 4, "object_id": "11", "object_repr": "soph_a", "action_flag": 2, "change_message": "[{\"changed\": {\"fields\": [\"Last name\", \"Email address\"]}}]"}}, {"model": "admin.logentry", "pk": 50, "fields": {"action_time": "2025-04-24T02:08:04.508Z", "user": 1, "content_type": 8, "object_id": "8", "object_repr": "Sophia Abbott", "action_flag": 2, "change_message": "[]"}}, {"model": "admin.logentry", "pk": 51, "fields": {"action_time": "2025-04-24T02:10:23.470Z", "user": 1, "content_type": 4, "object_id": "12", "object_repr": "diazadrian", "action_flag": 2, "change_message": "[{\"changed\": {\"fields\": [\"Username\", \"First name\", \"Last name\", \"Email address\"]}}]"}}, {"model": "admin.logentry", "pk": 52, "fields": {"action_time": "2025-04-24T02:10:37.416Z", "user": 1, "content_type": 8, "object_id": "9", "object_repr": "Adrian Diaz", "action_flag": 2, "change_message": "[{\"changed\": {\"fields\": [\"Bio\"]}}]"}}, {"model": "admin.logentry", "pk": 53, "fields": {"action_time": "2025-04-24T02:10:59.667Z", "user": 1, "content_type": 4, "object_id": "4", "object_repr": "liam_b", "action_flag": 3, "change_message": ""}}, {"model": "admin.logentry", "pk": 54, "fields": {"action_time": "2025-04-24T04:28:38.510Z", "user": 1, "content_type": 4, "object_id": "3", "object_repr": "may_jones", "action_flag": 2, "change_message": "[{\"changed\": {\"fields\": [\"Username\", \"First name\", \"Last name\", \"Email address\"]}}]"}}, {"model": "admin.logentry", "pk": 55, "fields": {"action_time": "2025-04-24T04:29:00.327Z", "user": 1, "content_type": 4, "object_id": "3", "object_repr": "may_j", "action_flag": 2, "change_message": "[{\"changed\": {\"fields\": [\"Username\"]}}]"}}, {"model": "admin.logentry", "pk": 56, "fields": {"action_time": "2025-04-24T04:31:46.224Z", "user": 1, "content_type": 4, "object_id": "10", "object_repr": "john_s", "action_flag": 2, "change_message": "[{\"changed\": {\"fields\": [\"Username\", \"First name\", \"Last name\", \"Email address\"]}}]"}}, {"model": "admin.logentry", "pk": 57, "fields": {"action_time": "2025-04-24T04:34:38.702Z", "user": 1, "content_type": 28, "object_id": "1", "object_repr": "Chat between may_j and john_s", "action_flag": 1, "change_message": "[{\"added\": {}}]"}}, {"model": "admin.logentry", "pk": 58, "fields": {"action_time": "2025-04-28T17:11:46.214Z", "user": 1, "content_type": 49, "object_id": "1", "object_repr": "Complete 10 Pomodoro Sessions (Easy)", "action_flag": 1, "change_message": "[{\"added\": {}}]"}}, {"model": "admin.logentry", "pk": 59, "fields": {"action_time": "2025-04-28T17:12:21.590Z", "user": 1, "content_type": 48, "object_id": "1", "object_repr": "may_j - Complete 10 Pomodoro Sessions (In Progress)", "action_flag": 1, "change_message": "[{\"added\": {}}]"}}, {"model": "admin.logentry", "pk": 60, "fields": {"action_time": "2025-04-28T17:12:39.008Z", "user": 1, "content_type": 48, "object_id": "2", "object_repr": "bella.ng - Complete 10 Pomodoro Sessions (Unlocked)", "action_flag": 1, "change_message": "[{\"added\": {}}]"}}, {"model": "admin.logentry", "pk": 61, "fields": {"action_time": "2025-04-29T21:46:44.619Z", "user": 1, "content_type": 28, "object_id": "2", "object_repr": "Chat between ap_01 and noel_t", "action_flag": 1, "change_message": "[{\"added\": {}}]"}}, {"model": "admin.logentry", "pk": 62, "fields": {"action_time": "2025-04-29T21:51:27.847Z", "user": 1, "content_type": 51, "object_id": "1", "object_repr": "ap_01 blocked noel_t", "action_flag": 3, "change_message": ""}}, {"model": "auth.user", "pk": 1, "fields": {"password": "pbkdf2_sha256$870000$4Y8ueMGl0mpLoMLm2ZPwD3$KYmscMgUhsH3kZJzrhG6JJf5/GB5wChc5wZngtkNFDw=", "last_login": "2025-04-24T00:28:40.040Z", "is_superuser": true, "username": "a_arella", "first_name": "", "last_name": "", "email": "", "is_staff": true, "is_active": true, "date_joined": "2025-04-24T00:27:14.777Z", "groups": [], "user_permissions": []}}, {"model": "auth.user", "pk": 2, "fields": {"password": "pbkdf2_sha256$870000$AXjucvjX7lYzWEwAz5AfOv$51uQsraC04vkNtf3aPF09NQOLP879S1lPKfpTK5Jgdg=", "last_login": null, "is_superuser": false, "username": "john_doe123", "first_name": "John", "last_name": "Doe", "email": "johndoe@gmail.com", "is_staff": false, "is_active": true, "date_joined": "2025-04-24T00:30:00.467Z", "groups": [], "user_permissions": []}}, {"model": "auth.user", "pk": 3, "fields": {"password": "pbkdf2_sha256$870000$QpBeb8ElOh8oPRhKiSktDL$v+3mUVBsfOmMu3XPvi/Wj1XXp6p8dVEZ3uX82GqKxzk=", "last_login": null, "is_superuser": false, "username": "may_j", "first_name": "May", "last_name": "Jones", "email": "may.jones@email.com", "is_staff": false, "is_active": true, "date_joined": "2025-04-24T00:31:38Z", "groups": [], "user_permissions": []}}, {"model": "auth.user", "pk": 5, "fields": {"password": "pbkdf2_sha256$870000$NW7RNaQvN1q0mq5rlyMitq$ZAUFwoTob+gNGp8ovvpPAygmq8/0CPjFjqWioBE0TRM=", "last_login": null, "is_superuser": false, "username": "ap_01", "first_name": "Alex", "last_name": "Peterson", "email": "ava.patel@email.com", "is_staff": false, "is_active": true, "date_joined": "2025-04-24T00:42:29Z", "groups": [], "user_permissions": []}}, {"model": "auth.user", "pk": 6, "fields": {"password": "pbkdf2_sha256$870000$uyDic4R05fBJTP3Wii82T6$BPZCdxllYL5sD8BQWNSVAiS4FnFybR1reDb3N3lQsFg=", "last_login": null, "is_superuser": false, "username": "noel_t", "first_name": "Noel", "last_name": "Thompson", "email": "noel.thompson@email.com", "is_staff": false, "is_active": true, "date_joined": "2025-04-24T00:43:10Z", "groups": [], "user_permissions": []}}, {"model": "auth.user", "pk": 7, "fields": {"password": "pbkdf2_sha256$870000$0d5rC4XCnPB22zDFJfqSP6$1RUxRytve6e0LVZz6ET7YZvUuTqyEcGqH/N6XJ0lTxI=", "last_login": null, "is_superuser": false, "username": "bella.ng", "first_name": "Isabella", "last_name": "Nguyen", "email": "isabella.nguyen@email.com", "is_staff": false, "is_active": true, "date_joined": "2025-04-24T00:44:27.855Z", "groups": [], "user_permissions": []}}, {"model": "auth.user", "pk": 8, "fields": {"password": "pbkdf2_sha256$870000$QkCzOFiGpO8afC8FS05bUQ$1GoyQ5S1UbejpxiO2szX8a2LaNIMyep/kROMzA2J+x0=", "last_login": null, "is_superuser": false, "username": "e_kim93", "first_name": "Ethan", "last_name": "Kennedy", "email": "ethan.kennedy@email.com", "is_staff": false, "is_active": true, "date_joined": "2025-04-24T00:44:56Z", "groups": [], "user_permissions": []}}, {"model": "auth.user", "pk": 9, "fields": {"password": "pbkdf2_sha256$870000$PacDKyfgiC88hIhYRUbhxv$xJLYwcyGsvwWSLhAAByQiE/iwpQuO6GrmLz2ruOKD04=", "last_login": null, "is_superuser": false, "username": "miarob", "first_name": "Mia", "last_name": "Robinson", "email": "mia.robinson@email.com", "is_staff": false, "is_active": true, "date_joined": "2025-04-24T00:46:39.589Z", "groups": [], "user_permissions": []}}, {"model": "auth.user", "pk": 10, "fields": {"password": "pbkdf2_sha256$870000$Q3sSkh7zIMg14L2bbGJCRW$bpWIoYQ+Zd2GrHG31ACssqgBwit5nAS3F8BbKhTUUo0=", "last_login": null, "is_superuser": false, "username": "john_s", "first_name": "John", "last_name": "Smith", "email": "john.smith@email.com", "is_staff": false, "is_active": true, "date_joined": "2025-04-24T00:47:38Z", "groups": [], "user_permissions": []}}, {"model": "auth.user", "pk": 11, "fields": {"password": "pbkdf2_sha256$870000$KRNNKXbppeQcEWgoFbHhRr$lii41dbNgr70lKO7venbm8M5mKspDlO3ki9Gdyb7KGI=", "last_login": null, "is_superuser": false, "username": "soph_a", "first_name": "Sophia", "last_name": "Abbott", "email": "sophia.abbott@email.com", "is_staff": false, "is_active": true, "date_joined": "2025-04-24T00:48:13Z", "groups": [], "user_permissions": []}}, {"model": "auth.user", "pk": 12, "fields": {"password": "pbkdf2_sha256$870000$XTKSgSbZRgkoOzowZh26qm$rjHyONsWAk33EL7ZofqE0o3jAI1Wo5ahj5MzhD4uRIE=", "last_login": null, "is_superuser": false, "username": "diazadrian", "first_name": "Adrian", "last_name": "Diaz", "email": "adrian.diaz@email.com", "is_staff": false, "is_active": true, "date_joined": "2025-04-24T00:49:18Z", "groups": [], "user_permissions": []}}, {"model": "auth.user", "pk": 13, "fields": {"password": "pbkdf2_sha256$870000$0NDrI8x1LkwztTGo1zDyYH$wPLBzG2KnALYWtkZ1+L+9RnOqoMqp0VWh+/fTe9oBDs=", "last_login": null, "is_superuser": false, "username": "frank123", "first_name": "Frank", "last_name": "Rosa", "email": "h@gmail.com", "is_staff": false, "is_active": true, "date_joined": "2025-04-24T07:40:50.439Z", "groups": [], "user_permissions": []}}, {"model": "sessions.session", "pk": "6th3holzdd307j7krl7epbo9lqnsxfh5", "fields": {"session_data": ".eJxVjDsOwjAQBe_iGlnxL4ko6TmD5be7JgFkS3FSIe4OkVJA-2bmvVRM2zrFrckSZ1ZnZdTpd0Oih5Qd8D2VW9VUy7rM0LuiD9r0tbI8L4f7dzClNn1rhDyKJyFPQ0du9BYOQ-9F2IxgDKGn4DuQy7CZDQCTgnUG2YjlTr0_DN05AQ:1u7kSG:-4PFT9s0U79o2u0CNpgsMEZxW1YdbJZeIU2k0-F1ixM", "expire_date": "2025-05-08T00:28:40.056Z"}}, {"model": "users.profile", "pk": 1, "fields": {"user": 2, "role": 2, "phone_number": "1234567890", "date_of_birth": "2025-04-24", "preferred_contact_method": "email", "parent_of": []}}, {"model": "users.profile", "pk": 2, "fields": {"user": 3, "role": 3, "phone_number": "1234567890", "date_of_birth": "2025-04-24", "preferred_contact_method": "email", "parent_of": []}}, {"model": "users.profile", "pk": 4, "fields": {"user": 5, "role": 1, "phone_number": "1234567890", "date_of_birth": "2025-04-24", "preferred_contact_method": "email", "parent_of": []}}, {"model": "users.profile", "pk": 5, "fields": {"user": 6, "role": 1, "phone_number": "1234567890", "date_of_birth": "2025-04-24", "preferred_contact_method": "email", "parent_of": []}}, {"model": "users.profile", "pk": 6, "fields": {"user": 7, "role": 1, "phone_number": "1234567890", "date_of_birth": "2025-04-24", "preferred_contact_method": "email", "parent_of": []}}, {"model": "users.profile", "pk": 7, "fields": {"user": 8, "role": 1, "phone_number": "1234567890", "date_of_birth": "2025-04-24", "preferred_contact_method": "email", "parent_of": []}}, {"model": "users.profile", "pk": 8, "fields": {"user": 9, "role": 1, "phone_number": "1234567890", "date_of_birth": "2025-04-24", "preferred_contact_method": "email", "parent_of": []}}, {"model": "users.profile", "pk": 9, "fields": {"user": 10, "role": 1, "phone_number": "1234567890", "date_of_birth": "2025-04-24", "preferred_contact_method": "email", "parent_of": []}}, {"model": "users.profile", "pk": 10, "fields": {"user": 11, "role": 1, "phone_number": "1234567890", "date_of_birth": "2025-04-24", "preferred_contact_method": "email", "parent_of": []}}, {"model": "users.profile", "pk": 11, "fields": {"user": 12, "role": 1, "phone_number": "1234567890", "date_of_birth": "2025-04-24", "preferred_contact_method": "email", "parent_of": []}}, {"model": "users.profile", "pk": 12, "fields": {"user": 13, "role": 1, "phone_number": "1234567890", "date_of_birth": "2025-04-24", "preferred_contact_method": "email", "parent_of": []}}, {"model": "users.tutorprofile", "pk": 2, "fields": {"profile": 4, "city": "Las Vegas", "state": "NV", "bio": "Alex teaches a mix of Algebra and Calculus. He's known for making his lessons interactive and tailored to each student's pace.", "hourly_rate": "18.00", "rating": "2.5", "subjects": [1, 3]}}, {"model": "users.tutorprofile", "pk": 3, "fields": {"profile": 5, "city": "Las Vegas", "state": "NV", "bio": "Noel focuses on Linear Algebra and Algebra I and II. She breaks down abstract concepts into digestible steps and encourages deep understanding.", "hourly_rate": "20.00", "rating": "3.8", "subjects": [3, 4, 5]}}, {"model": "users.tutorprofile", "pk": 4, "fields": {"profile": 6, "city": "Las Vegas", "state": "NV", "bio": "Isabella brings energy and clarity to every session, tutoring Algebra I and Linear Algebra with a student-first approach.", "hourly_rate": "30.00", "rating": "4.7", "subjects": [3, 5]}}, {"model": "users.tutorprofile", "pk": 5, "fields": {"profile": 7, "city": "Las Vegas", "state": "NV", "bio": "Ethan is a dedicated tutor who covers Algebra I and Calculus I. He emphasizes problem-solving skills and mathematical thinking.", "hourly_rate": "17.00", "rating": "4.5", "subjects": [1, 3]}}, {"model": "users.tutorprofile", "pk": 6, "fields": {"profile": 8, "city": "Las Vegas", "state": "NV", "bio": "Mia has a knack for explaining tricky Algebra I topics. She keeps sessions friendly, focused, and encouraging.", "hourly_rate": "22.00", "rating": "2.6", "subjects": [3]}}, {"model": "users.tutorprofile", "pk": 7, "fields": {"profile": 9, "city": "Las Vegas", "state": "NV", "bio": "Lucas teaches Calculus I and II and Linear Algebra. He has a patient teaching style and a love for helping students thrive in STEM.", "hourly_rate": "25.00", "rating": "2.5", "subjects": [1, 2, 5]}}, {"model": "users.tutorprofile", "pk": 8, "fields": {"profile": 10, "city": "Las Vegas", "state": "NV", "bio": "Sophia specializes in Algebra I and II. She creates supportive learning environments that help students stay motivated and on track.", "hourly_rate": "18.00", "rating": "4.0", "subjects": [3, 4]}}, {"model": "users.tutorprofile", "pk": 9, "fields": {"profile": 11, "city": "Las Vegas", "state": "NV", "bio": "Adrian tutors Calculus and Algebra with a practical, step-by-step approach that helps students succeed in exams and beyond.", "hourly_rate": "20.00", "rating": "3.4", "subjects": [1, 2, 3, 4]}}, {"model": "users.tutorprofile", "pk": 10, "fields": {"profile": 12, "city": "Unknown", "state": "NA", "bio": "", "hourly_rate": "0.00", "rating": "1.0", "subjects": []}}, {"model": "users.parentprofile", "pk": 1, "fields": {"profile": 1}}, {"model": "users.studentprofile", "pk": 1, "fields": {"profile": 2, "parent_profile": 1, "grade_level": 1, "emergency_contact_name": "Unknown", "emergency_contact_phone_number": "1234567890", "preferred_subjects": []}}, {"model": "chat.chat", "pk": 1, "fields": {"user1": 3, "user2": 10, "createdAt": "2025-04-24T04:34:38.694Z", "updatedAt": "2025-04-24T04:34:38.694Z", "name": "John-Smith"}}, {"model": "chat.chat", "pk": 2, "fields": {"user1": 5, "user2": 6, "createdAt": "2025-04-29T21:46:44.610Z", "updatedAt": "2025-04-29T21:46:44.610Z", "name": "Jane-Doe"}}, {"model": "chat.message", "pk": 1, "fields": {"chat": 1, "status": 1, "sender": 10, "content": "hello", "timestamp": "2025-04-24T07:03:27.235Z"}}, {"model": "chat.message", "pk": 2, "fields": {"chat": 1, "status": 1, "sender": 3, "content": "hello!", "timestamp": "2025-04-24T07:03:42.348Z"}}, {"model": "chat.message", "pk": 3, "fields": {"chat": 1, "status": 1, "sender": 3, "content": "how are you!", "timestamp": "2025-04-24T07:03:45.448Z"}}, {"model": "chat.message", "pk": 4, "fields": {"chat": 1, "status": 1, "sender": 10, "content": "i'm great!", "timestamp": "2025-04-24T07:03:55.121Z"}}, {"model": "chat.message", "pk": 5, "fields": {"chat": 1, "status": 1, "sender": 10, "content": "and you?", "timestamp": "2025-04-24T07:03:58.053Z"}}, {"model": "chat.message", "pk": 6, "fields": {"chat": 1, "status": 1, "sender": 10, "content": "hello", "timestamp": "2025-04-24T07:08:21.109Z"}}, {"model": "chat.message", "pk": 7, "fields": {"chat": 1, "status": 1, "sender": 10, "content": "hello!", "timestamp": "2025-04-24T07:09:54.330Z"}}, {"model": "chat.message", "pk": 8, "fields": {"chat": 1, "status": 1, "sender": 3, "content": "hello!", "timestamp": "2025-04-24T07:10:03.162Z"}}, {"model": "chat.message", "pk": 9, "fields": {"chat": 1, "status": 1, "sender": 10, "content": "how re you?", "timestamp": "2025-04-24T07:10:12.171Z"}}, {"model": "chat.message", "pk": 10, "fields": {"chat": 1, "status": 1, "sender": 10, "content": "because i'm doing great!", "timestamp": "2025-04-24T07:10:24.754Z"}}, {"model": "chat.message", "pk": 11, "fields": {"chat": 1, "status": 1, "sender": 10, "content": "hi", "timestamp": "2025-04-24T07:12:20.844Z"}}, {"model": "chat.message", "pk": 12, "fields": {"chat": 1, "status": 1, "sender": 3, "content": "hi!", "timestamp": "2025-04-24T07:12:28.358Z"}}, {"model": "chat.message", "pk": 13, "fields": {"chat": 1, "status": 1, "sender": 10, "content": "i'm Emma, your new student!", "timestamp": "2025-04-24T07:12:43.254Z"}}, {"model": "chat.message", "pk": 14, "fields": {"chat": 1, "status": 1, "sender": 10, "content": "it's nice to meet you!", "timestamp": "2025-04-24T07:12:47.959Z"}}, {"model": "chat.message", "pk": 15, "fields": {"chat": 1, "status": 1, "sender": 3, "content": "it's gret to meet you too Emma", "timestamp": "2025-04-24T07:13:06.321Z"}}, {"model": "chat.message", "pk": 16, "fields": {"chat": 1, "status": 1, "sender": 3, "content": "Ready to learn about algebr", "timestamp": "2025-04-24T07:13:13.343Z"}}, {"model": "chat.message", "pk": 17, "fields": {"chat": 1, "status": 1, "sender": 10, "content": "yes!", "timestamp": "2025-04-24T07:13:19.273Z"}}, {"model": "chat.message", "pk": 18, "fields": {"chat": 1, "status": 1, "sender": 10, "content": "hi", "timestamp": "2025-04-24T07:13:53.290Z"}}, {"model": "chat.message", "pk": 19, "fields": {"chat": 1, "status": 1, "sender": 3, "content": "hello", "timestamp": "2025-04-24T07:14:00.388Z"}}, {"model": "chat.message", "pk": 20, "fields": {"chat": 1, "status": 1, "sender": 10, "content": "i'm Emma, your new student!", "timestamp": "2025-04-24T07:14:14.934Z"}}, {"model": "chat.message", "pk": 21, "fields": {"chat": 1, "status": 1, "sender": 10, "content": "i heard alot of good thing about you : D", "timestamp": "2025-04-24T07:14:23.494Z"}}, {"model": "chat.message", "pk": 22, "fields": {"chat": 1, "status": 1, "sender": 3, "content": "glad to hear that!", "timestamp": "2025-04-24T07:14:34.013Z"}}, {"model": "chat.message", "pk": 23, "fields": {"chat": 1, "status": 1, "sender": 3, "content": "i'll help you out with understanding algebra more!", "timestamp": "2025-04-24T07:14:51.742Z"}}, {"model": "chat.message", "pk": 24, "fields": {"chat": 1, "status": 1, "sender": 5, "content": "helllo", "timestamp": "2025-04-29T21:44:36.968Z"}}, {"model": "chat.message", "pk": 25, "fields": {"chat": 1, "status": 1, "sender": 7, "content": "hello", "timestamp": "2025-04-29T21:44:40.740Z"}}, {"model": "chat.message", "pk": 26, "fields": {"chat": 1, "status": 1, "sender": 7, "content": "asadsasd", "timestamp": "2025-04-29T21:44:50.033Z"}}, {"model": "chat.message", "pk": 27, "fields": {"chat": 1, "status": 1, "sender": 6, "content": "hello", "timestamp": "2025-04-29T21:45:31.781Z"}}, {"model": "chat.message", "pk": 28, "fields": {"chat": 1, "status": 1, "sender": 5, "content": "hello", "timestamp": "2025-04-29T21:45:43.346Z"}}, {"model": "chat.message", "pk": 29, "fields": {"chat": 2, "status": 1, "sender": 5, "content": "hello", "timestamp": "2025-04-29T21:56:50.641Z"}}, {"model": "chat.muteduser", "pk": 1, "fields": {"muted_user": 5, "muted_by": 4, "created_at": "2025-04-29T21:22:46.630Z"}}, {"model": "chat.reporteduser", "pk": 1, "fields": {"reported_user": 5, "reported_by": 4, "reason": "Harassment", "created_at": "2025-04-29T21:33:46.454Z"}}, {"model": "uploads.profilepicture", "pk": 1, "fields": {"profile": 5}}, {"model": "uploads.profilepicture", "pk": 2, "fields": {"profile": 10}}, {"model": "uploads.profilepicture", "pk": 3, "fields": {"profile": 8}}, {"model": "uploads.profilepicture", "pk": 4, "fields": {"profile": 9}}, {"model": "uploads.profilepicture", "pk": 6, "fields": {"profile": 7}}, {"model": "uploads.profilepicture", "pk": 7, "fields": {"profile": 11}}, {"model": "uploads.profilepicture", "pk": 8, "fields": {"profile": 6}}, {"model": "uploads.profilepicture", "pk": 9, "fields": {"profile": 4}}, {"model": "uploads.uploadrecord", "pk": 1, "fields": {"cloudinary_public_id": "Noah_Thompson_eozvzb", "resource_type": "image", "file_name": "Noah_Thompson", "file_format": "jpg", "created_at": "2025-04-24T01:43:38Z", "type": "upload", "version": 1745459018, "asset_id": "0b3c5d3a724aabd5d050d3b1acfdf5c8", "description": "", "profile_picture": 1}}, {"model": "uploads.uploadrecord", "pk": 2, "fields": {"cloudinary_public_id": "Sophia_Anderson_zkwawi", "resource_type": "image", "file_name": "Sophia_Anderson", "file_format": "jpg", "created_at": "2025-04-24T01:45:07Z", "type": "upload", "version": 1745459107, "asset_id": "df8035a6f229cadd4e08962c55698b23", "description": "", "profile_picture": 2}}, {"model": "uploads.uploadrecord", "pk": 3, "fields": {"cloudinary_public_id": "Mia_Robinson_iyzexj", "resource_type": "image", "file_name": "Mia_Robinson", "file_format": "jpg", "created_at": "2025-04-24T01:46:52Z", "type": "upload", "version": 1745459212, "asset_id": "fbd846e129e2a3a897ba6142a2a12ad9", "description": "", "profile_picture": 3}}, {"model": "uploads.uploadrecord", "pk": 4, "fields": {"cloudinary_public_id": "Lucas_Wright_gozusn", "resource_type": "image", "file_name": "Lucas_Wright", "file_format": "jpg", "created_at": "2025-04-24T01:48:19Z", "type": "upload", "version": 1745459299, "asset_id": "bd35321b5101767f2fa8ddf6287601f9", "description": "", "profile_picture": 4}}, {"model": "uploads.uploadrecord", "pk": 6, "fields": {"cloudinary_public_id": "Ethan_Kim_cvdbar", "resource_type": "image", "file_name": "Ethan_Kim", "file_format": "jpg", "created_at": "2025-04-24T01:49:05Z", "type": "upload", "version": 1745459345, "asset_id": "23bb441f05bc330ed6004b00b827000a", "description": "", "profile_picture": 6}}, {"model": "uploads.uploadrecord", "pk": 7, "fields": {"cloudinary_public_id": "Aiden_Clark_efnryn", "resource_type": "image", "file_name": "Aiden_Clark", "file_format": "jpg", "created_at": "2025-04-24T01:49:18Z", "type": "upload", "version": 1745459358, "asset_id": "2ce6496957d3bea52a44a78a5815e2f4", "description": "", "profile_picture": 7}}, {"model": "uploads.uploadrecord", "pk": 8, "fields": {"cloudinary_public_id": "Isabella_Nguyen_b3kgdk", "resource_type": "image", "file_name": "Isabella_Nguyen", "file_format": "jpg", "created_at": "2025-04-24T01:49:48Z", "type": "upload", "version": 1745459388, "asset_id": "72b3c08072344d7d322c32f218826307", "description": "", "profile_picture": 8}}, {"model": "uploads.uploadrecord", "pk": 9, "fields": {"cloudinary_public_id": "Ava_Patel_poaopx", "resource_type": "image", "file_name": "Ava_Patel", "file_format": "jpg", "created_at": "2025-04-24T01:51:32Z", "type": "upload", "version": 1745459492, "asset_id": "ec20ea0be59344428aa62423f9783fe6", "description": "", "profile_picture": 9}}, {"model": "uploads.uploadrecord", "pk": 10, "fields": {"cloudinary_public_id": "my_project_models_few4lt", "resource_type": "image", "file_name": "my_project_models", "file_format": "png", "created_at": "2025-04-24T08:10:56Z", "type": "upload", "version": 1745482256, "asset_id": "b32f07f79145ec689de6f57d207371e5", "description": "", "profile_picture": null}}, {"model": "uploads.uploadrecord", "pk": 11, "fields": {"cloudinary_public_id": "my_project_models_hf6bhe", "resource_type": "image", "file_name": "my_project_models", "file_format": "png", "created_at": "2025-04-24T08:12:30Z", "type": "upload", "version": 1745482350, "asset_id": "af9909085bec5cb66d63e7411e17b184", "description": "", "profile_picture": null}}, {"model": "uploads.uploadrecord", "pk": 12, "fields": {"cloudinary_public_id": "my_project_models_fbwq4v", "resource_type": "image", "file_name": "my_project_models", "file_format": "png", "created_at": "2025-04-24T08:23:57Z", "type": "upload", "version": 1745483037, "asset_id": "3554ede73eeada9a8ef33a646c306002", "description": "", "profile_picture": null}}, {"model": "uploads.uploadrecord", "pk": 13, "fields": {"cloudinary_public_id": "my_project_models_t9tjza", "resource_type": "image", "file_name": "my_project_models", "file_format": "png", "created_at": "2025-04-24T08:24:24Z", "type": "upload", "version": 1745483064, "asset_id": "dfa9c3ddd3889836e57b62e33c2ef900", "description": "", "profile_picture": null}}, {"model": "search.category", "pk": 1, "fields": {"title": "Mathematics"}}, {"model": "search.subject", "pk": 1, "fields": {"title": "Calculus I", "category": 1}}, {"model": "search.subject", "pk": 2, "fields": {"title": "Calculus II", "category": 1}}, {"model": "search.subject", "pk": 3, "fields": {"title": "Algebra I", "category": 1}}, {"model": "search.subject", "pk": 4, "fields": {"title": "Algebra II", "category": 1}}, {"model": "search.subject", "pk": 5, "fields": {"title": "Linear Algebra", "category": 1}}, {"model": "achievements.achievement", "pk": 1, "fields": {"name": "Complete 10 Pomodoro Sessions", "description": "Complete 10 Pomodoro Sessions", "difficulty": "Easy", "created_at": "2025-04-28T17:11:46.209Z"}}, {"model": "achievements.studentachievement", "pk": 1, "fields": {"student": 3, "achievement": 1, "progress": 5, "unlocked": false, "date_unlocked": null, "created_at": "2025-04-28T17:12:21.582Z", "updated_at": "2025-04-28T17:12:21.582Z"}}, {"model": "achievements.studentachievement", "pk": 2, "fields": {"student": 7, "achievement": 1, "progress": 10, "unlocked": true, "date_unlocked": "2025-04-28T17:12:38Z", "created_at": "2025-04-28T17:12:39.002Z", "updated_at": "2025-04-28T17:12:39.002Z"}}, {"model": "token_blacklist.outstandingtoken", "pk": 1, "fields": {"user": 10, "jti": "a4e89dcb05c543108c7dddfb58867104", "token": "eyJhbGciOiJIUzI1NiIsInR5cCI6IkpXVCJ9.eyJ0b2tlbl90eXBlIjoicmVmcmVzaCIsImV4cCI6MTc0NTU2NDQxNiwiaWF0IjoxNzQ1NDc4MDE2LCJqdGkiOiJhNGU4OWRjYjA1YzU0MzEwOGM3ZGRkZmI1ODg2NzEwNCIsInVzZXJfaWQiOjEwfQ.qK4QpnFNRAJNeUk-CK8P3MFPrr0x0acapXSsW46AEQk", "created_at": "2025-04-24T07:00:16.800Z", "expires_at": "2025-04-25T07:00:16Z"}}, {"model": "token_blacklist.outstandingtoken", "pk": 2, "fields": {"user": 10, "jti": "8f40abc2425842c7a7109c37c86974af", "token": "eyJhbGciOiJIUzI1NiIsInR5cCI6IkpXVCJ9.eyJ0b2tlbl90eXBlIjoicmVmcmVzaCIsImV4cCI6MTc0NTU2NDQ3MCwiaWF0IjoxNzQ1NDc4MDcwLCJqdGkiOiI4ZjQwYWJjMjQyNTg0MmM3YTcxMDljMzdjODY5NzRhZiIsInVzZXJfaWQiOjEwfQ.uKnx_0qk96KqBGcuAxAOuaaOsi6K4XDVO6lCeOK3YWM", "created_at": "2025-04-24T07:01:10.002Z", "expires_at": "2025-04-25T07:01:10Z"}}, {"model": "token_blacklist.outstandingtoken", "pk": 3, "fields": {"user": 3, "jti": "539e4c1975ce473b89bd65c1013f7cd6", "token": "eyJhbGciOiJIUzI1NiIsInR5cCI6IkpXVCJ9.eyJ0b2tlbl90eXBlIjoicmVmcmVzaCIsImV4cCI6MTc0NTU2NDQ4MiwiaWF0IjoxNzQ1NDc4MDgyLCJqdGkiOiI1MzllNGMxOTc1Y2U0NzNiODliZDY1YzEwMTNmN2NkNiIsInVzZXJfaWQiOjN9.Nx9dbyO3Dpc0T0RUj2bbyNbPsYIeke_9d81wV72uj0w", "created_at": "2025-04-24T07:01:22.488Z", "expires_at": "2025-04-25T07:01:22Z"}}, {"model": "token_blacklist.outstandingtoken", "pk": 4, "fields": {"user": 10, "jti": "cccc5891b8f64c9aac9878b24837f275", "token": "eyJhbGciOiJIUzI1NiIsInR5cCI6IkpXVCJ9.eyJ0b2tlbl90eXBlIjoicmVmcmVzaCIsImV4cCI6MTc0NTU2NjQxOCwiaWF0IjoxNzQ1NDgwMDE4LCJqdGkiOiJjY2NjNTg5MWI4ZjY0YzlhYWM5ODc4YjI0ODM3ZjI3NSIsInVzZXJfaWQiOjEwfQ.Hlmfiz-HZJyW7kQFhu_BcYcxuAf15K8pIOJHTSYS-tA", "created_at": "2025-04-24T07:33:38.965Z", "expires_at": "2025-04-25T07:33:38Z"}}, {"model": "token_blacklist.outstandingtoken", "pk": 5, "fields": {"user": 3, "jti": "d179c396c1d74c03863af1f16d8620f4", "token": "eyJhbGciOiJIUzI1NiIsInR5cCI6IkpXVCJ9.eyJ0b2tlbl90eXBlIjoicmVmcmVzaCIsImV4cCI6MTc0NTU2ODYyMCwiaWF0IjoxNzQ1NDgyMjIwLCJqdGkiOiJkMTc5YzM5NmMxZDc0YzAzODYzYWYxZjE2ZDg2MjBmNCIsInVzZXJfaWQiOjN9.O-QVXzEsCNy6nj5R-Sy7OvJNoLt39B9G25-ZJd-I0nA", "created_at": "2025-04-24T08:10:20.010Z", "expires_at": "2025-04-25T08:10:20Z"}}, {"model": "token_blacklist.outstandingtoken", "pk": 6, "fields": {"user": 5, "jti": "d359d3ca80914e1490ab44af9d1ce6c4", "token": "eyJhbGciOiJIUzI1NiIsInR5cCI6IkpXVCJ9.eyJ0b2tlbl90eXBlIjoicmVmcmVzaCIsImV4cCI6MTc0NjA0NzkzNCwiaWF0IjoxNzQ1OTYxNTM0LCJqdGkiOiJkMzU5ZDNjYTgwOTE0ZTE0OTBhYjQ0YWY5ZDFjZTZjNCIsInVzZXJfaWQiOjV9.D5kUCCFl6OG5GW9drD16XCIFmf90mlGjfTo-8tZ-iNk", "created_at": "2025-04-29T21:18:54.361Z", "expires_at": "2025-04-30T21:18:54Z"}}, {"model": "token_blacklist.outstandingtoken", "pk": 7, "fields": {"user": 5, "jti": "fc11fadc18aa46239221afa807172630", "token": "eyJhbGciOiJIUzI1NiIsInR5cCI6IkpXVCJ9.eyJ0b2tlbl90eXBlIjoicmVmcmVzaCIsImV4cCI6MTc0NjA0OTE3NiwiaWF0IjoxNzQ1OTYyNzc2LCJqdGkiOiJmYzExZmFkYzE4YWE0NjIzOTIyMWFmYTgwNzE3MjYzMCIsInVzZXJfaWQiOjV9.Ar0BE1QJKvXN6Jg0NytCKLy2X1joFcZyrELq11NRmSw", "created_at": "2025-04-29T21:39:36.187Z", "expires_at": "2025-04-30T21:39:36Z"}}, {"model": "token_blacklist.outstandingtoken", "pk": 8, "fields": {"user": 7, "jti": "7761a1f61b0d4bc295f59f7f481ebf43", "token": "eyJhbGciOiJIUzI1NiIsInR5cCI6IkpXVCJ9.eyJ0b2tlbl90eXBlIjoicmVmcmVzaCIsImV4cCI6MTc0NjA0OTM0NiwiaWF0IjoxNzQ1OTYyOTQ2LCJqdGkiOiI3NzYxYTFmNjFiMGQ0YmMyOTVmNTlmN2Y0ODFlYmY0MyIsInVzZXJfaWQiOjd9.ox5S7CNiFcFan5ZNujp0uJigPZp6iBXRqKKBx2ZNXIo", "created_at": "2025-04-29T21:42:26.171Z", "expires_at": "2025-04-30T21:42:26Z"}}, {"model": "token_blacklist.outstandingtoken", "pk": 9, "fields": {"user": 5, "jti": "51063e54575547868bb7d074e777f520", "token": "eyJhbGciOiJIUzI1NiIsInR5cCI6IkpXVCJ9.eyJ0b2tlbl90eXBlIjoicmVmcmVzaCIsImV4cCI6MTc0NjA0OTUwMSwiaWF0IjoxNzQ1OTYzMTAxLCJqdGkiOiI1MTA2M2U1NDU3NTU0Nzg2OGJiN2QwNzRlNzc3ZjUyMCIsInVzZXJfaWQiOjV9.i4G4m_TnqJLsuq3Utb-dsCmzDvoH_8metp-EhECe65o", "created_at": "2025-04-29T21:45:01.425Z", "expires_at": "2025-04-30T21:45:01Z"}}, {"model": "token_blacklist.outstandingtoken", "pk": 10, "fields": {"user": 6, "jti": "94b7f95e4884449694cc0c32dbb10d3f", "token": "eyJhbGciOiJIUzI1NiIsInR5cCI6IkpXVCJ9.eyJ0b2tlbl90eXBlIjoicmVmcmVzaCIsImV4cCI6MTc0NjA0OTUyMCwiaWF0IjoxNzQ1OTYzMTIwLCJqdGkiOiI5NGI3Zjk1ZTQ4ODQ0NDk2OTRjYzBjMzJkYmIxMGQzZiIsInVzZXJfaWQiOjZ9.irCSlbx4LTHD2v9qc6ts9uGyTjtAXZOymnuM-zno-NY", "created_at": "2025-04-29T21:45:20.647Z", "expires_at": "2025-04-30T21:45:20Z"}}, {"model": "watson.searchentry", "pk": 2, "fields": {"engine_slug": "default", "content_type": 8, "object_id": "2", "object_id_int": null, "title": "Alex Peterson", "description": "", "content": "Alex Peterson", "url": "", "meta_encoded": "{}"}}, {"model": "watson.searchentry", "pk": 3, "fields": {"engine_slug": "default", "content_type": 8, "object_id": "3", "object_id_int": null, "title": "Noel Thompson", "description": "", "content": "Noel Thompson", "url": "", "meta_encoded": "{}"}}, {"model": "watson.searchentry", "pk": 4, "fields": {"engine_slug": "default", "content_type": 8, "object_id": "4", "object_id_int": null, "title": "Isabella Nguyen", "description": "", "content": "Isabella Nguyen", "url": "", "meta_encoded": "{}"}}, {"model": "watson.searchentry", "pk": 5, "fields": {"engine_slug": "default", "content_type": 8, "object_id": "5", "object_id_int": null, "title": "Ethan Kennedy", "description": "", "content": "Ethan Kennedy", "url": "", "meta_encoded": "{}"}}, {"model": "watson.searchentry", "pk": 6, "fields": {"engine_slug": "default", "content_type": 8, "object_id": "6", "object_id_int": null, "title": "Mia Robinson", "description": "", "content": "Mia Robinson", "url": "", "meta_encoded": "{}"}}, {"model": "watson.searchentry", "pk": 7, "fields": {"engine_slug": "default", "content_type": 8, "object_id": "7", "object_id_int": null, "title": "Lucas Wright", "description": "", "content": "Lucas Wright", "url": "", "meta_encoded": "{}"}}, {"model": "watson.searchentry", "pk": 8, "fields": {"engine_slug": "default", "content_type": 8, "object_id": "8", "object_id_int": null, "title": "Sophia Abbott", "description": "", "content": "Sophia Abbott", "url": "", "meta_encoded": "{}"}}, {"model": "watson.searchentry", "pk": 9, "fields": {"engine_slug": "default", "content_type": 8, "object_id": "9", "object_id_int": null, "title": "Adrian Diaz", "description": "", "content": "Adrian Diaz", "url": "", "meta_encoded": "{}"}}, {"model": "watson.searchentry", "pk": 10, "fields": {"engine_slug": "default", "content_type": 8, "object_id": "10", "object_id_int": null, "title": "Frank Rosa", "description": "", "content": "Frank Rosa", "url": "", "meta_encoded": "{}"}}]